City_ID,City,Country,Date,Lat,Lng,Max Temp,Humidity,Cloudiness,Wind Speed
0,Hilo,US,2021-03-04 07:56:14,19.7297,-155.09,66.2,88,90,5.75
1,Jamestown,US,2021-03-04 08:00:59,42.097,-79.2353,33.01,97,90,10.45
2,Norman Wells,CA,2021-03-04 08:01:00,65.282,-126.8329,-27.4,75,1,2.3
3,Ushuaia,AR,2021-03-04 08:00:05,-54.8,-68.3,46.4,87,20,6.91
4,Bambous Virieux,MU,2021-03-04 08:01:01,-20.3428,57.7575,86.0,62,40,11.5
5,Hofn,IS,2021-03-04 08:01:01,64.2539,-15.2082,30.2,86,20,10.36
6,Katsuura,JP,2021-03-04 08:01:02,35.1333,140.3,57.0,62,75,3.44
7,Geraldton,AU,2021-03-04 08:01:03,-28.7667,114.6,82.4,57,40,14.97
8,Pedernales,DO,2021-03-04 08:01:04,18.0384,-71.744,73.11,58,0,2.46
9,Naze,JP,2021-03-04 08:01:05,28.3667,129.4833,68.0,68,75,13.8
10,Beaune,FR,2021-03-04 08:01:05,47.0833,4.75,45.0,93,67,2.08
11,Talara,PE,2021-03-04 08:01:06,-4.5772,-81.2719,75.58,75,95,5.57
12,Vaini,TO,2021-03-04 08:01:06,-21.2,-175.2,78.8,89,75,5.75
13,Dikson,RU,2021-03-04 08:01:07,73.5069,80.5464,-26.12,83,3,12.8
14,Albany,US,2021-03-04 08:01:08,42.6001,-73.9662,35.01,87,51,3.62
15,Tocopilla,CL,2021-03-04 07:53:46,-22.092,-70.1979,67.93,74,1,3.94
16,Cape Town,ZA,2021-03-04 08:01:09,-33.9258,18.4232,71.01,77,75,13.8
17,Mar Del Plata,AR,2021-03-04 08:00:06,-38.0023,-57.5575,70.0,94,0,3.44
18,Ahipara,NZ,2021-03-04 07:55:11,-35.1667,173.1667,62.71,86,1,3.56
19,Lompoc,US,2021-03-04 07:54:45,34.6391,-120.4579,44.01,87,1,4.0
20,Ilulissat,GL,2021-03-04 07:51:18,69.2167,-51.1,26.6,80,100,12.66
21,Sur,OM,2021-03-04 07:52:04,22.5667,59.5289,90.0,28,0,6.6
22,Te Anau,NZ,2021-03-04 08:01:12,-45.4167,167.7167,50.41,67,84,8.75
23,Hermanus,ZA,2021-03-04 08:01:13,-34.4187,19.2345,66.99,90,96,1.99
24,Betanzos,ES,2021-03-04 08:01:14,43.2804,-8.2147,54.0,93,0,1.14
25,Tuatapere,NZ,2021-03-04 07:51:43,-46.1333,167.6833,57.0,59,98,4.0
26,Thompson,CA,2021-03-04 08:01:15,55.7435,-97.8558,-2.2,84,20,3.44
27,Lorengau,PG,2021-03-04 07:51:23,-2.0226,147.2712,82.47,77,99,13.58
28,Grindavik,IS,2021-03-04 08:01:17,63.8424,-22.4338,37.4,100,75,17.27
29,Port Alfred,ZA,2021-03-04 08:01:18,-33.5906,26.891,73.0,88,100,1.99
30,Leningradskiy,RU,2021-03-04 08:01:19,69.3833,178.4167,-8.28,88,100,35.48
31,Touros,BR,2021-03-04 07:52:41,-5.1989,-35.4608,75.2,94,40,3.44
32,Syracuse,IT,2021-03-04 07:53:16,37.0881,15.2792,55.99,87,0,8.05
33,Dawson,US,2021-03-04 08:01:22,31.7735,-84.4466,50.0,87,1,3.44
34,Anuradhapura,LK,2021-03-04 08:01:23,8.3565,80.4173,90.95,40,0,8.16
35,Wanning,CN,2021-03-04 08:01:23,18.8003,110.3967,78.31,70,59,7.07
36,Santa Rosalia,MX,2021-03-04 08:01:23,27.3167,-112.2833,57.25,68,100,7.96
37,Bilibino,RU,2021-03-04 08:01:25,68.0546,166.4372,0.23,90,100,8.12
38,Punta Arenas,CL,2021-03-04 08:01:25,-53.15,-70.9167,48.2,81,40,13.8
39,Kodiak,US,2021-03-04 08:01:26,57.79,-152.4072,30.2,64,1,13.8
40,Joao Pinheiro,BR,2021-03-04 08:01:27,-17.7425,-46.1725,64.78,91,4,2.93
41,Ribeira Grande,PT,2021-03-04 08:01:28,38.5167,-28.7,59.0,82,20,4.61
42,Kavieng,PG,2021-03-04 08:01:28,-2.5744,150.7967,83.3,73,60,14.38
43,Busselton,AU,2021-03-04 08:01:29,-33.65,115.3333,79.0,68,8,1.99
44,Svetlyy,RU,2021-03-04 08:01:29,54.675,20.1347,35.6,93,75,11.18
45,Kirensk,RU,2021-03-04 08:01:31,57.7853,108.1119,-7.11,83,96,3.22
46,Bathsheba,BB,2021-03-04 08:01:31,13.2167,-59.5167,75.2,78,75,21.85
47,Fairbanks,US,2021-03-04 08:01:32,64.8378,-147.7164,-2.99,84,90,1.23
48,Chokurdakh,RU,2021-03-04 08:01:32,70.6333,147.9167,-15.59,88,100,17.22
49,Georgetown,MY,2021-03-04 08:00:16,5.4112,100.3354,91.4,66,40,10.36
50,Souillac,MU,2021-03-04 08:01:34,-20.5167,57.5167,86.0,62,40,11.5
51,New Norfolk,AU,2021-03-04 08:01:34,-42.7826,147.0587,59.0,36,0,27.63
52,Port Elizabeth,ZA,2021-03-04 08:01:35,-33.918,25.5701,69.8,83,90,6.91
53,Hithadhoo,MV,2021-03-04 08:01:36,-0.6,73.0833,83.37,61,0,9.04
54,Fairview,US,2021-03-04 08:00:52,40.8126,-73.999,44.6,49,90,11.5
55,Lebu,CL,2021-03-04 08:01:37,-37.6167,-73.65,57.65,89,1,14.18
56,Hobart,AU,2021-03-04 08:00:23,-42.8794,147.3294,59.0,36,0,27.63
57,Kaitangata,NZ,2021-03-04 08:01:38,-46.2817,169.8464,57.0,78,46,10.54
58,Vila Franca Do Campo,PT,2021-03-04 07:52:23,37.7167,-25.4333,60.8,94,75,10.36
59,Khatanga,RU,2021-03-04 08:01:39,71.9667,102.5,-27.2,82,0,8.55
60,Adrar,MR,2021-03-04 08:01:39,20.5022,-10.0711,65.86,23,100,10.6
61,Ostrovnoy,RU,2021-03-04 08:01:40,68.0531,39.5131,15.37,94,100,16.17
62,Atuona,PF,2021-03-04 08:01:41,-9.8,-139.0333,80.02,72,40,8.9
63,Kununurra,AU,2021-03-04 08:01:41,-15.7667,128.7333,98.6,31,14,8.05
64,Arraial Do Cabo,BR,2021-03-04 08:01:42,-22.9661,-42.0278,75.43,89,100,19.51
65,Ponta Do Sol,PT,2021-03-04 07:51:44,32.6667,-17.1,57.99,75,76,3.0
66,Cabedelo,BR,2021-03-04 07:58:03,-6.9811,-34.8339,75.2,100,20,6.91
67,Tieli,CN,2021-03-04 08:01:43,46.95,128.05,32.67,98,100,7.23
68,Klaksvik,FO,2021-03-04 08:01:43,62.2266,-6.589,24.8,86,66,5.21
69,Oga,IT,2021-03-04 08:01:44,46.4631,10.347,48.99,79,0,1.14
70,Puerto Ayora,EC,2021-03-04 08:01:44,-0.7393,-90.3518,73.99,96,6,1.43
71,Byron Bay,AU,2021-03-04 07:53:13,-28.65,153.6167,75.2,50,2,5.75
72,Iskateley,RU,2021-03-04 08:01:45,67.6803,53.1512,5.25,94,100,12.57
73,Qaanaaq,GL,2021-03-04 08:01:45,77.484,-69.3632,-22.68,80,100,10.94
74,Akola,IN,2021-03-04 08:01:46,20.7333,77.0,96.64,9,0,5.23
75,Narsaq,GL,2021-03-04 08:01:46,60.9167,-46.05,48.2,34,75,41.43
76,Faya,SA,2021-03-04 08:01:47,18.3851,42.4509,66.2,37,0,13.8
77,East London,ZA,2021-03-04 08:01:48,-33.0153,27.9116,75.2,78,40,3.44
78,Mataura,NZ,2021-03-04 08:01:49,-46.1927,168.8643,55.99,59,99,5.99
79,Pisco,PE,2021-03-04 07:54:24,-13.7,-76.2167,73.4,78,75,10.36
80,Cabo San Lucas,MX,2021-03-04 08:00:04,22.8909,-109.9124,63.0,44,5,11.43
81,Torbay,CA,2021-03-04 08:01:50,47.6666,-52.7314,21.99,86,40,19.57
82,Barrow,US,2021-03-04 07:59:52,71.2906,-156.7887,-20.2,69,1,4.61
83,Kyra,RU,2021-03-04 08:01:51,49.5776,111.9753,11.86,59,42,15.39
84,Talnakh,RU,2021-03-04 08:01:51,69.4865,88.3972,-11.29,73,100,10.13
85,Kalispell,US,2021-03-04 07:57:40,48.1958,-114.3129,30.2,80,1,5.75
86,Kargasok,RU,2021-03-04 08:01:53,59.0556,80.8572,23.4,96,100,14.09
87,Hasaki,JP,2021-03-04 07:54:27,35.7333,140.8333,54.0,66,75,8.05
88,Rikitea,PF,2021-03-04 08:01:54,-23.1203,-134.9692,80.11,78,26,7.07
89,Bredasdorp,ZA,2021-03-04 08:01:54,-34.5322,20.0403,66.2,94,93,8.05
90,Chipinge,ZW,2021-03-04 08:01:55,-20.1883,32.6236,72.21,76,45,4.14
91,Butaritari,KI,2021-03-04 08:01:56,3.0707,172.7902,81.5,81,23,17.56
92,Nikolskoye,RU,2021-03-04 08:01:56,59.7035,30.7861,28.4,80,75,11.18
93,Tezu,IN,2021-03-04 08:01:57,27.9167,96.1667,87.8,18,73,4.63
94,Airai,TL,2021-03-04 08:01:58,-8.9266,125.4092,68.18,99,87,2.28
95,Ixtapa,MX,2021-03-04 07:52:20,20.7,-105.2,69.01,89,0,2.35
96,Antalaha,MG,2021-03-04 07:55:05,-14.9003,50.2788,84.13,67,40,5.91
97,Arman,RU,2021-03-04 08:01:59,59.7,150.1667,-13.32,87,10,3.94
98,Bethel,US,2021-03-04 07:54:36,41.3712,-73.414,33.01,80,20,3.4
99,Mayo,US,2021-03-04 07:55:16,38.8876,-76.5119,42.8,61,1,3.44
100,Sao Joao Da Barra,BR,2021-03-04 08:02:02,-21.6403,-41.0511,73.92,89,98,10.87
101,Caravelas,BR,2021-03-04 08:02:03,-17.7125,-39.2481,71.89,90,100,2.8
102,Chuy,UY,2021-03-04 08:02:03,-33.6971,-53.4616,70.18,94,19,6.93
103,Kapaa,US,2021-03-04 08:02:04,22.0752,-159.319,71.6,60,90,20.71
104,Tasiilaq,GL,2021-03-04 08:02:04,65.6145,-37.6368,32.0,86,90,8.05
105,Oriximina,BR,2021-03-04 08:02:05,-1.7656,-55.8661,73.15,94,99,2.15
106,Avarua,CK,2021-03-04 08:02:05,-21.2078,-159.775,78.8,89,20,1.14
107,Saint George,US,2021-03-04 07:52:43,37.1041,-113.5841,46.99,76,75,9.22
108,San Juan,AR,2021-03-04 08:02:06,-31.5375,-68.5364,75.63,55,0,4.05
109,Oranjestad,AW,2021-03-04 07:58:14,12.524,-70.027,77.0,78,20,16.11
110,Kaseda,JP,2021-03-04 08:02:07,31.4167,130.3167,57.2,82,75,10.36
111,Yellowknife,CA,2021-03-04 08:00:04,62.456,-114.3525,-13.0,70,20,8.05
112,Praia Da Vitoria,PT,2021-03-04 08:02:08,38.7333,-27.0667,60.01,77,40,19.15
113,Lata,PT,2021-03-04 08:02:08,40.1629,-8.3327,55.99,87,100,1.99
114,Ural,RU,2021-03-04 08:02:08,55.9078,94.7464,22.1,86,100,4.0
115,Lagoa,PT,2021-03-04 08:02:09,39.05,-27.9833,57.9,76,100,21.36
116,Castro,BR,2021-03-04 08:02:10,-24.7911,-50.0119,60.93,95,76,3.78
117,Saint-Paul,RE,2021-03-04 08:02:11,-21.0096,55.2707,75.99,88,49,1.01
118,Le Port,RE,2021-03-04 08:02:11,-20.9373,55.2919,87.8,62,0,11.5
119,Bluff,NZ,2021-03-04 08:01:05,-46.6,168.3333,55.99,59,100,5.99
120,Tura,IN,2021-03-04 08:02:12,25.5198,90.2201,84.99,14,0,7.76
121,Ambilobe,MG,2021-03-04 08:02:13,-13.2,49.05,85.98,71,58,5.7
122,Leh,IN,2021-03-04 08:02:14,34.1667,77.5833,24.64,76,9,4.79
123,Liverpool,GB,2021-03-04 08:00:57,53.4106,-2.9779,41.0,81,90,5.75
124,Mitsamiouli,KM,2021-03-04 08:02:15,-11.3847,43.2844,83.52,74,100,14.38
125,Esil,KZ,2021-03-04 08:02:16,51.9556,66.4042,31.33,96,100,22.91
126,Okhotsk,RU,2021-03-04 08:02:17,59.3833,143.3,-14.04,78,0,11.79
127,Pesaro,IT,2021-03-04 08:02:18,43.9036,12.8903,48.99,68,0,3.78
128,Juneau,US,2021-03-04 08:02:20,58.3019,-134.4197,36.0,86,90,5.08
129,Vila Velha,BR,2021-03-04 07:51:50,-20.3297,-40.2925,72.0,94,0,3.44
130,Pevek,RU,2021-03-04 07:53:20,69.7008,170.3133,-0.17,93,100,11.16
131,Santa Isabel Do Rio Negro,BR,2021-03-04 08:02:24,-0.4139,-65.0192,72.32,98,91,1.41
132,Saint-Michel-Des-Saints,CA,2021-03-04 08:02:25,46.6834,-73.9159,-0.38,90,0,8.03
133,Omsukchan,RU,2021-03-04 08:02:26,62.5333,155.8,-32.33,79,100,7.47
134,Saint-Philippe,RE,2021-03-04 08:02:27,-21.3585,55.7679,86.0,62,0,6.91
135,Asau,RO,2021-03-04 08:02:28,46.4333,26.4,46.0,93,26,4.61
136,Carutapera,BR,2021-03-04 07:54:35,-1.195,-46.02,74.97,90,98,3.29
137,Naryan-Mar,RU,2021-03-04 08:02:29,67.6713,53.087,5.38,93,100,12.59
138,Ballina,AU,2021-03-04 08:02:29,-28.8667,153.5667,75.2,50,0,5.75
139,Port Lincoln,AU,2021-03-04 08:12:17,-34.7333,135.8667,64.72,67,0,12.95
140,Alofi,NU,2021-03-04 08:12:18,-19.0595,-169.9187,80.6,83,100,4.61
141,Saldanha,ZA,2021-03-04 08:12:18,-33.0117,17.9442,73.4,53,93,11.5
142,Clyde River,CA,2021-03-04 08:12:18,70.4692,-68.5914,-29.2,75,1,3.49
143,Malanje,AO,2021-03-04 08:12:19,-9.5402,16.341,72.7,87,85,3.02
144,Wanaka,NZ,2021-03-04 08:10:38,-44.7,169.15,50.67,66,67,9.13
145,Bengkulu,ID,2021-03-04 08:12:19,-3.8004,102.2655,84.65,71,100,6.8
146,Nara,JP,2021-03-04 08:12:06,34.6851,135.8049,60.8,48,75,6.91
147,Palanga,LT,2021-03-04 08:12:23,55.9175,21.0686,35.6,87,75,8.05
148,Labuhan,ID,2021-03-04 08:12:24,-6.8844,112.2051,83.25,79,99,11.14
149,Ondjiva,AO,2021-03-04 08:12:24,-17.0667,15.7333,73.4,56,20,2.3
150,Xingyi,CN,2021-03-04 08:12:25,24.1877,102.817,71.35,25,0,19.26
151,San Quintin,MX,2021-03-04 08:12:25,30.4833,-115.95,56.14,83,39,6.76
152,Vostok,RU,2021-03-04 08:12:25,46.4856,135.8833,31.68,92,62,4.52
153,Yulara,AU,2021-03-04 08:12:26,-25.2406,130.9889,104.0,11,99,6.91
154,Namatanai,PG,2021-03-04 08:12:26,-3.6667,152.4333,80.11,80,91,7.4
155,Alice Springs,AU,2021-03-04 08:12:07,-23.7,133.8833,96.8,14,0,11.5
156,Baherden,TM,2021-03-04 08:12:26,38.4362,57.4316,49.6,70,86,13.98
157,Padang,ID,2021-03-04 08:12:27,-0.9492,100.3543,89.6,66,20,8.05
158,Fortuna,US,2021-03-04 08:12:27,40.5982,-124.1573,41.0,1,100,6.08
159,Harboore,DK,2021-03-04 08:12:28,56.6175,8.1807,37.0,59,85,5.99
160,Naqadeh,IR,2021-03-04 08:12:28,36.9553,45.388,42.12,86,100,3.83
161,Wittmund,DE,2021-03-04 08:12:29,53.5667,7.7833,37.99,93,75,6.91
162,Utete,TZ,2021-03-04 08:12:29,-7.986,38.758,77.65,85,100,2.44
163,Biak,ID,2021-03-04 08:12:31,-0.9131,122.8766,80.82,73,88,1.16
164,Kainantu,PG,2021-03-04 08:12:32,-6.2887,145.8655,64.11,92,100,3.89
165,Gravdal,NO,2021-03-04 08:12:33,68.1214,13.5031,26.6,93,75,3.44
166,Krasnoselkup,RU,2021-03-04 08:12:34,65.7,82.4667,14.02,90,100,18.16
167,Hauterive,FR,2021-03-04 08:12:34,46.0901,3.4459,42.01,75,0,3.44
168,Kokuy,RU,2021-03-04 08:12:35,52.2037,117.5529,5.05,74,100,9.93
169,Teya,RU,2021-03-04 08:12:36,60.3778,92.6267,10.45,90,100,9.55
170,Ghanzi,BW,2021-03-04 08:12:37,-21.5667,21.7833,77.99,37,0,3.13
171,Gat,IL,2021-03-04 08:10:05,31.61,34.7642,51.01,100,80,1.01
172,Laguna,US,2021-03-04 08:07:41,38.421,-121.4238,48.2,76,1,13.8
173,Kaka,TM,2021-03-04 08:12:40,37.3482,59.6143,57.22,40,0,21.5
174,Palmer,US,2021-03-04 08:12:25,42.1584,-72.3287,33.8,69,1,6.91
175,Russell,US,2021-03-04 08:12:41,32.3502,-85.1999,46.4,93,1,4.81
176,Suba,PH,2021-03-04 08:12:41,10.8438,121.0102,81.55,81,0,21.59
177,San Cristobal,VE,2021-03-04 08:12:42,7.7669,-72.225,63.88,69,100,1.41
178,Avera,US,2021-03-04 08:12:43,33.194,-82.5271,39.2,67,1,5.75
179,Gotsu,JP,2021-03-04 08:12:43,35.0,132.2167,60.8,55,75,9.22
180,Provideniya,RU,2021-03-04 08:12:44,64.3833,-173.3,-6.45,88,100,18.23
181,Meulaboh,ID,2021-03-04 08:12:44,4.1363,96.1285,86.43,69,28,8.32
182,Mahebourg,MU,2021-03-04 08:12:46,-20.4081,57.7,86.0,62,20,12.66
183,Pachino,IT,2021-03-04 08:09:13,36.7186,15.0907,57.2,58,0,2.3
184,Sulingen,DE,2021-03-04 08:12:48,52.6833,8.8,37.4,87,90,8.05
185,Crixas,BR,2021-03-04 08:12:48,-14.5489,-49.9692,70.57,90,99,1.39
186,Upernavik,GL,2021-03-04 08:12:49,72.7868,-56.1549,-10.39,89,100,18.48
187,Ciudad Bolivar,VE,2021-03-04 08:12:49,8.1222,-63.5497,74.64,82,48,9.17
188,Gardiner,US,2021-03-04 08:12:50,44.2301,-69.7753,24.8,63,1,3.44
189,Necochea,AR,2021-03-04 08:08:31,-38.5473,-58.7368,69.01,88,5,8.01
190,Saint Simons,US,2021-03-04 08:12:52,31.1352,-81.3901,50.0,100,1,4.61
191,Dungarpur,IN,2021-03-04 08:12:53,23.8333,73.7167,96.55,9,0,10.67
192,Guerrero Negro,MX,2021-03-04 08:08:37,27.9769,-114.0611,57.99,85,100,8.61
193,Port Hawkesbury,CA,2021-03-04 08:12:56,45.6169,-61.3485,23.0,54,1,12.66
194,Santo Antonio Do Leverger,BR,2021-03-04 08:12:56,-15.8656,-56.0767,75.2,83,0,9.22
195,Mozelos,PT,2021-03-04 08:12:57,41.8677,-8.3978,55.99,93,0,4.61
196,Hambantota,LK,2021-03-04 08:13:00,6.1241,81.1185,89.6,55,40,5.75
197,Prado,BR,2021-03-04 08:13:02,-17.3411,-39.2208,72.14,88,100,2.62
198,Kruisfontein,ZA,2021-03-04 08:13:04,-34.0033,24.7314,73.0,68,6,1.99
199,Abalak,RU,2021-03-04 08:12:16,58.1286,68.5944,26.29,98,96,7.54
200,Bone,DE,2021-03-04 08:13:11,51.9669,12.1396,39.99,92,98,1.01
201,Plouzane,FR,2021-03-04 08:13:11,48.3833,-4.6167,46.4,100,90,2.3
202,Taoudenni,ML,2021-03-04 08:13:12,22.6783,-3.9836,68.86,21,0,13.4
203,Jalu,LY,2021-03-04 08:13:14,29.0331,21.5482,55.47,51,0,5.28
204,Saint Anthony,US,2021-03-04 08:13:15,45.0205,-93.218,32.0,80,1,4.72
205,Huilong,CN,2021-03-04 08:13:15,31.8111,121.655,64.99,53,56,4.0
206,Muswellbrook,AU,2021-03-04 08:13:18,-32.2667,150.9,75.43,43,0,4.03
207,Barreirinhas,BR,2021-03-04 08:13:11,-2.7469,-42.8264,73.69,92,9,4.05
208,Elmira,US,2021-03-04 08:13:20,42.0898,-76.8077,37.4,56,90,5.75
209,Tiksi,RU,2021-03-04 08:13:21,71.6872,128.8694,-18.69,88,100,5.59
210,La Palma,US,2021-03-04 08:13:23,33.8464,-118.0467,48.2,100,1,1.7
211,Matagami,CA,2021-03-04 08:13:24,49.7502,-77.6328,-11.2,84,1,10.36
212,Kaoma,ZM,2021-03-04 08:13:24,-14.7833,24.8,73.56,78,51,6.98
213,Longyearbyen,SJ,2021-03-04 08:13:25,78.2186,15.6401,3.2,78,20,16.11
214,Show Low,US,2021-03-04 08:13:25,34.2542,-110.0298,37.4,70,20,17.27
215,Honiara,SB,2021-03-04 08:13:26,-9.4333,159.95,79.0,82,99,1.3
216,Dunedin,NZ,2021-03-04 08:13:27,-45.8742,170.5036,54.0,88,100,1.99
217,Tandalti,SD,2021-03-04 08:13:27,13.0167,31.8667,82.38,14,72,18.16
218,Tarakan,ID,2021-03-04 08:13:28,3.3,117.6333,82.74,69,100,5.48
219,Nuzvid,IN,2021-03-04 08:13:29,16.7833,80.85,91.4,52,0,6.91
220,Portland,US,2021-03-04 08:13:23,45.5234,-122.6762,42.01,87,1,3.44
221,Togur,RU,2021-03-04 08:13:30,58.3631,82.8265,21.31,91,100,14.38
222,Carnarvon,AU,2021-03-04 08:13:31,-24.8667,113.6333,80.6,65,40,13.8
223,Kabare,CD,2021-03-04 08:13:32,-2.4683,28.8242,71.87,84,100,2.04
224,Santo Antonio Do Sudoeste,BR,2021-03-04 08:13:33,-26.0736,-53.7253,66.09,98,100,3.85
225,Erenhot,CN,2021-03-04 08:13:35,43.6475,111.9767,41.43,60,75,13.51
226,Sitka,US,2021-03-04 08:13:35,57.0531,-135.33,35.6,93,90,5.75
227,Jiangyou,CN,2021-03-04 08:13:36,31.7667,104.7167,53.06,70,100,5.75
228,Padre Bernardo,BR,2021-03-04 08:13:36,-15.35,-48.5,65.59,94,100,1.77
229,Pilar,BR,2021-03-04 08:09:28,-9.5972,-35.9567,73.4,100,20,2.3
230,Inhambane,MZ,2021-03-04 08:13:38,-23.865,35.3833,82.4,78,40,6.91
231,Samarai,PG,2021-03-04 08:13:41,-10.6167,150.6667,82.04,78,100,15.79
232,Baker City,US,2021-03-04 08:13:42,44.7749,-117.8344,30.2,69,1,9.22
233,Turka,UA,2021-03-04 08:13:43,49.1541,23.0297,48.99,57,94,8.01
234,Kosa,RU,2021-03-04 08:13:45,59.9445,54.9977,20.77,96,96,5.23
235,Placido De Castro,BR,2021-03-04 08:13:45,-10.3353,-67.1856,70.2,95,60,2.15
236,Xinpu,CN,2021-03-04 08:13:46,34.5997,119.1594,58.15,44,0,2.51
237,Gangawati,IN,2021-03-04 08:13:48,15.4333,76.5333,96.15,11,54,12.75
238,Acapulco,MX,2021-03-04 08:12:29,16.8634,-99.8901,74.39,63,97,3.56
239,Castanos,MX,2021-03-04 08:13:50,26.7833,-101.4167,59.88,50,43,3.15
240,Port Augusta,AU,2021-03-04 08:13:52,-32.5,137.7667,84.99,38,0,18.41
241,Tuktoyaktuk,CA,2021-03-04 08:13:53,69.4541,-133.0374,-18.8,88,49,4.99
242,Lapa,BR,2021-03-04 08:13:54,-25.7697,-49.7158,64.99,100,90,4.61
243,Iqaluit,CA,2021-03-04 08:13:54,63.7506,-68.5145,-0.4,78,90,31.07
244,Komsomolskiy,UZ,2021-03-04 08:13:55,40.4272,71.7189,50.0,57,87,4.61
245,Westport,US,2021-03-04 08:09:33,41.1415,-73.3579,37.99,75,90,6.98
246,High Rock,BS,2021-03-04 08:13:56,26.6208,-78.2833,69.8,73,20,8.05
247,Ogulin,HR,2021-03-04 08:13:57,45.2661,15.2286,50.0,66,0,4.61
248,Upata,VE,2021-03-04 08:13:58,8.0086,-62.3989,73.99,92,38,3.0
249,Saint-Leu,RE,2021-03-04 08:13:58,-21.15,55.2833,84.99,61,26,2.42
250,Nouakchott,MR,2021-03-04 08:13:59,18.0858,-15.9785,68.0,26,0,12.66
251,Cayenne,GF,2021-03-04 08:14:01,4.9333,-52.3333,77.0,88,75,12.17
252,Lebanon,US,2021-03-04 08:09:18,36.2081,-86.2911,42.01,93,75,3.2
253,Broome,US,2021-03-04 08:14:05,42.2506,-75.833,36.0,86,90,13.8
254,Qaqortoq,GL,2021-03-04 08:14:05,60.7167,-46.0333,48.2,34,75,41.43
255,Moose Factory,CA,2021-03-04 08:14:06,51.2585,-80.6094,-5.8,84,90,10.36
256,Flinders,AU,2021-03-04 08:12:41,-34.5833,150.8552,73.0,75,0,8.01
257,Urubicha,BO,2021-03-04 08:14:07,-15.3833,-62.95,71.65,95,100,2.82
258,Honningsvag,NO,2021-03-04 08:14:09,70.9821,25.9704,26.6,86,75,19.57
259,Samfya,ZM,2021-03-04 08:14:10,-11.3649,29.5565,71.58,81,97,2.77
260,Belaya Gora,RU,2021-03-04 08:14:11,68.5333,146.4167,-17.12,92,100,18.32
261,Pangnirtung,CA,2021-03-04 08:14:13,66.1451,-65.7125,11.32,85,100,3.4
262,Dossor,KZ,2021-03-04 08:14:13,47.5272,52.9811,29.93,93,0,16.46
263,Luganville,VU,2021-03-04 08:14:14,-15.5333,167.1667,77.29,93,100,18.1
264,Bonavista,CA,2021-03-04 08:14:16,48.6499,-53.1147,23.0,86,70,6.91
265,Wieliczka,PL,2021-03-04 08:14:16,49.9874,20.0647,48.99,56,59,8.01
266,Porto Santo,PT,2021-03-04 08:14:17,33.072,-16.3415,60.8,88,40,10.36
267,Marystown,CA,2021-03-04 08:14:18,47.1666,-55.1483,26.82,95,86,21.88
268,Ketchikan,US,2021-03-04 08:14:19,55.3422,-131.6461,39.2,93,90,9.22
269,Pontian Kecil,MY,2021-03-04 08:14:19,1.4801,103.3899,91.4,58,40,10.36
270,Leshukonskoye,RU,2021-03-04 08:14:21,64.8989,45.7622,3.69,91,98,6.02
271,Kamenka,RU,2021-03-04 08:14:22,51.3223,42.7678,35.01,79,92,19.84
272,Dingle,PH,2021-03-04 08:14:23,10.9995,122.6711,83.53,72,24,14.25
273,Susanville,US,2021-03-04 08:14:23,40.4163,-120.653,44.6,36,1,6.91
274,Solnechnyy,RU,2021-03-04 08:14:24,50.7214,136.6319,21.56,95,100,2.95
275,Rawson,AR,2021-03-04 08:14:26,-43.3002,-65.1023,60.42,82,94,17.4
276,Dosso,NE,2021-03-04 08:14:26,13.049,3.1937,84.33,13,0,20.29
277,Makakilo City,US,2021-03-04 08:14:27,21.3469,-158.0858,69.8,73,90,8.05
278,Gigmoto,PH,2021-03-04 08:14:28,13.7796,124.39,81.12,72,3,11.03
279,Espinosa,BR,2021-03-04 08:14:29,-14.9261,-42.8192,63.27,90,42,3.89
280,Tessalit,ML,2021-03-04 08:14:34,20.1986,1.0114,72.27,17,100,14.05
281,Vardo,NO,2021-03-04 08:14:35,70.3705,31.1107,26.6,74,75,14.97
282,Shelburne,CA,2021-03-04 08:14:36,44.0787,-80.2041,28.4,80,90,6.91
283,Korla,CN,2021-03-04 08:14:37,41.7597,86.1469,50.34,45,10,5.21
284,Mookane,BW,2021-03-04 08:14:38,-23.688,26.6595,81.25,37,0,2.86
285,Coari,BR,2021-03-04 08:12:07,-4.085,-63.1414,71.73,98,100,2.08
286,Zalegoshch,RU,2021-03-04 08:14:39,52.9008,36.8869,29.7,95,5,18.23
287,Vigrestad,NO,2021-03-04 08:14:39,58.5667,5.7,34.0,77,88,3.74
288,Codrington,AU,2021-03-04 08:14:40,-38.2667,141.9667,61.93,82,100,15.7
289,Coffeyville,US,2021-03-04 08:14:40,37.0373,-95.6164,41.0,60,1,3.44
290,Ulladulla,AU,2021-03-04 08:14:41,-35.35,150.4667,75.2,53,0,10.36
291,Ponta Delgada,PT,2021-03-04 08:10:05,37.7333,-25.6667,60.8,94,75,10.36
292,Laurel,US,2021-03-04 08:14:42,39.0993,-76.8483,46.0,56,20,5.75
293,Haines Junction,CA,2021-03-04 08:14:43,60.7522,-137.5108,17.6,67,100,11.5
294,Tilichiki,RU,2021-03-04 08:14:45,60.4667,166.1,-2.15,90,100,15.77
295,Singapore,SG,2021-03-04 08:14:04,1.2897,103.8501,91.4,52,75,14.97
296,Hami,CN,2021-03-04 08:14:46,42.8,93.45,50.36,42,19,3.06
297,Vagay,RU,2021-03-04 08:14:46,57.9375,69.0217,28.27,91,97,7.16
298,Fallon,US,2021-03-04 08:14:48,39.4735,-118.7774,30.2,59,1,8.05
299,Kurmanayevka,RU,2021-03-04 08:14:49,52.5093,52.0675,23.2,97,53,17.05
300,Puri,IN,2021-03-04 08:14:49,19.8,85.85,96.8,30,0,2.3
301,Homer,US,2021-03-04 08:14:50,59.6425,-151.5483,24.01,85,1,3.44
302,Shenkursk,RU,2021-03-04 08:14:51,62.1091,42.896,16.43,96,100,6.85
303,Hirado,JP,2021-03-04 08:14:51,33.3597,129.5531,57.99,76,75,3.44
304,Muyezerskiy,RU,2021-03-04 08:14:53,63.9333,31.65,17.64,96,82,9.26
305,Sayyan,YE,2021-03-04 08:14:54,15.1718,44.3244,65.64,25,0,5.82
306,Ayabaca,PE,2021-03-04 08:14:55,-4.6398,-79.7149,47.44,100,97,1.05
307,Zhezkazgan,KZ,2021-03-04 08:14:56,47.8043,67.7144,30.2,93,90,15.66
308,Nome,US,2021-03-04 08:14:56,64.5011,-165.4064,-2.2,71,1,10.36
309,Rawlins,US,2021-03-04 08:14:57,41.7911,-107.2387,24.8,63,1,4.61
310,Cherskiy,RU,2021-03-04 08:14:59,68.75,161.3,-5.67,91,100,5.39
311,Cockburn Town,TC,2021-03-04 08:14:59,21.4612,-71.1419,77.04,80,0,11.07
312,Zhanakorgan,KZ,2021-03-04 08:15:00,43.9098,67.2495,39.02,92,100,9.91
313,Sambava,MG,2021-03-04 08:15:01,-14.2667,50.1667,84.97,65,100,4.94
314,Sola,VU,2021-03-04 08:15:05,-13.8833,167.55,78.96,86,100,20.33
315,Camacha,PT,2021-03-04 08:15:06,33.0833,-16.3333,60.8,94,40,11.5
316,Anloga,GH,2021-03-04 08:15:07,5.7947,0.8973,86.0,79,20,10.36
317,Buchanan,LR,2021-03-04 08:15:08,5.8808,-10.0467,78.8,94,75,4.63
318,Guarapari,BR,2021-03-04 08:15:09,-20.6667,-40.4975,71.6,94,0,3.44
319,Santa Rosa,PH,2021-03-04 08:15:09,14.3122,121.1114,87.8,58,20,12.66
320,Kindu,CD,2021-03-04 08:15:10,-2.95,25.95,76.6,75,100,2.91
321,Iquique,CL,2021-03-04 08:14:40,-20.2208,-70.1431,71.6,64,0,6.91
322,Nabire,ID,2021-03-04 08:15:12,-3.3667,135.4833,82.54,74,100,4.16
323,Esperance,AU,2021-03-04 08:15:15,-33.8667,121.9,68.0,94,90,12.66
324,Luau,AO,2021-03-04 08:15:17,-10.7073,22.2247,67.12,95,100,2.57
325,Ngunguru,NZ,2021-03-04 08:15:18,-35.6167,174.5,64.99,84,22,3.0
326,Coquimbo,CL,2021-03-04 08:15:18,-29.9533,-71.3436,60.8,94,90,2.3
327,Aklavik,CA,2021-03-04 08:15:18,68.2191,-135.0107,-22.0,76,86,1.14
328,Saint-Georges,GD,2021-03-04 08:15:19,12.0564,-61.7485,75.2,88,75,11.5
329,Kidal,ML,2021-03-04 08:15:20,18.4411,1.4078,77.83,13,34,12.5
330,Sioux Lookout,CA,2021-03-04 08:15:21,50.1001,-91.917,12.2,67,75,4.61
331,Luderitz,NA,2021-03-04 08:15:22,-26.6481,15.1594,76.44,43,1,12.15
332,Jalna,IN,2021-03-04 08:15:23,19.8333,75.8833,93.2,13,0,3.44
333,Price,US,2021-03-04 08:15:24,39.5994,-110.8107,42.8,26,90,9.22
334,Samana,DO,2021-03-04 08:15:07,19.2056,-69.3369,69.22,88,0,3.13
335,Bondeno,IT,2021-03-04 08:15:25,44.8862,11.4108,46.99,100,34,2.42
336,Morant Bay,JM,2021-03-04 08:15:26,17.8815,-76.4093,77.0,78,20,4.61
337,Saskylakh,RU,2021-03-04 08:15:27,71.9167,114.0833,-35.68,81,65,0.6
338,Severo-Kurilsk,RU,2021-03-04 08:15:28,50.6789,156.125,25.9,94,69,34.16
339,Antofagasta,CL,2021-03-04 08:10:49,-23.65,-70.4,64.4,94,0,2.3
340,Kavaratti,IN,2021-03-04 08:15:30,10.5669,72.642,83.19,63,0,7.16
341,Dubti,ET,2021-03-04 08:15:31,11.7361,41.0853,86.0,31,0,9.66
342,Marzuq,YE,2021-03-04 08:15:31,14.4,46.4667,81.21,16,0,9.69
343,San Francisco,US,2021-03-04 08:14:56,37.7749,-122.4194,50.0,71,1,3.44
344,Superior,US,2021-03-04 08:15:33,46.7208,-92.1041,28.4,86,90,8.05
345,Severnyy,RU,2021-03-04 08:15:34,50.677,36.5532,33.8,86,75,15.66
346,Takoradi,GH,2021-03-04 08:15:34,4.8845,-1.7554,81.61,84,66,9.42
347,Alihe,CN,2021-03-04 08:15:35,50.5667,123.7167,19.71,87,100,10.36
348,Beringovskiy,RU,2021-03-04 08:15:36,63.05,179.3167,31.98,99,100,38.72
349,Xining,CN,2021-03-04 08:15:36,36.6167,101.7667,48.9,35,98,4.32
350,Bandarbeyla,SO,2021-03-04 08:15:38,9.4942,50.8122,80.49,64,39,16.24
351,Tecpan,GT,2021-03-04 08:15:39,14.7623,-90.9947,63.0,67,0,9.22
352,Ayer Tawar,MY,2021-03-04 08:15:41,4.2954,100.7548,91.4,66,40,6.91
353,Puerto Madero,MX,2021-03-04 08:15:41,14.7208,-92.4215,77.81,71,1,3.09
354,Nsanje,MW,2021-03-04 08:15:41,-16.92,35.262,81.48,76,100,4.14
355,Maunabo,PR,2021-03-04 08:15:42,18.0072,-65.8993,70.0,94,8,4.0
356,Yar-Sale,RU,2021-03-04 08:15:42,66.8333,70.8333,8.2,95,97,9.44
357,Providencia,MX,2021-03-04 08:15:44,28.7167,-111.5833,60.01,57,96,4.0
358,Half Moon Bay,US,2021-03-04 08:15:44,37.4636,-122.4286,50.0,87,90,5.75
359,Chuzhou,CN,2021-03-04 08:15:45,32.3219,118.2978,61.83,41,0,3.89
360,San Rafael,AR,2021-03-04 08:15:45,-34.6177,-68.3301,74.89,44,0,8.93
361,Darhan,MN,2021-03-04 08:15:46,49.4867,105.9228,14.68,85,0,2.57
362,Breyten,ZA,2021-03-04 08:15:46,-26.3018,29.987,73.27,36,0,6.93
363,Nanortalik,GL,2021-03-04 08:15:47,60.1432,-45.2371,38.66,76,100,25.34
364,Nizhniy Tsasuchey,RU,2021-03-04 08:15:48,50.5167,115.1333,7.03,66,88,11.7
365,Bubaque,GW,2021-03-04 08:15:49,11.2833,-15.8333,77.36,70,12,3.56
366,Yablochnyy,RU,2021-03-04 08:15:50,47.1661,142.0661,35.6,93,90,15.66
367,Pacific Grove,US,2021-03-04 08:11:04,36.6177,-121.9166,46.99,81,1,6.91
368,Trairi,BR,2021-03-04 08:15:53,-3.2778,-39.2689,74.73,90,60,5.32
369,Miraflores,MX,2021-03-04 08:15:55,19.2167,-98.8083,62.6,31,40,3.44
370,Chicopee,US,2021-03-04 08:15:56,42.1726,-72.5949,35.6,69,1,6.91
371,Harindanga,IN,2021-03-04 08:15:56,22.0383,88.3214,89.6,35,0,4.61
372,Shizuishan,CN,2021-03-04 08:15:57,39.2333,106.7694,57.69,26,100,8.86
373,Sehithwa,BW,2021-03-04 08:15:59,-20.4667,22.7167,79.0,45,0,3.44
374,Okha,RU,2021-03-04 08:11:13,53.5739,142.9478,4.48,93,100,9.42
375,Griffith,US,2021-03-04 08:16:03,41.5284,-87.4237,33.8,100,1,3.44
376,Richards Bay,ZA,2021-03-04 08:16:03,-28.783,32.0377,82.22,62,0,2.01
377,Salo,IT,2021-03-04 08:16:04,45.6086,10.531,48.0,76,75,1.14
378,Ambon,ID,2021-03-04 08:14:24,-3.6954,128.1814,89.6,51,20,11.5
379,Qesarya,IL,2021-03-04 08:16:07,32.5189,34.9046,53.6,82,75,3.44
380,Nyurba,RU,2021-03-04 08:16:08,63.2842,118.3319,-14.84,85,99,9.1
381,Enshi,CN,2021-03-04 08:16:09,30.3,109.4833,60.94,58,86,2.19
382,Victoria,HK,2021-03-04 08:15:46,22.2855,114.1577,66.99,90,100,1.99
383,Piacabucu,BR,2021-03-04 08:16:12,-10.4056,-36.4344,76.53,86,53,7.43
384,Sumenep,ID,2021-03-04 08:16:14,-7.0167,113.8667,84.24,70,85,4.94
385,Tsiroanomandidy,MG,2021-03-04 08:16:15,-18.7667,46.0333,76.06,81,83,9.78
386,Matay,EG,2021-03-04 08:16:15,28.419,30.7792,60.84,48,4,13.98
387,Ramotswa,BW,2021-03-04 08:16:16,-24.8716,25.8699,80.6,47,0,3.44
388,Burnie,AU,2021-03-04 08:16:18,-41.0667,145.9167,62.01,60,86,21.99
389,Viedma,AR,2021-03-04 08:16:19,-40.8135,-62.9967,66.96,90,99,13.85
390,Xianyang,CN,2021-03-04 08:16:21,34.3378,108.7026,64.99,44,100,4.47
391,Hovd,MN,2021-03-04 08:16:22,48.0056,91.6419,26.29,50,0,4.99
392,Lavrentiya,RU,2021-03-04 08:12:20,65.5833,-171.0,-10.39,89,100,9.53
393,Montego Bay,JM,2021-03-04 08:16:24,18.4712,-77.9188,77.0,83,40,4.61
394,Ambikapur,IN,2021-03-04 08:14:24,23.1167,83.2,91.87,10,0,8.63
395,Lasa,IT,2021-03-04 08:16:26,46.6166,10.7002,42.01,74,0,4.61
396,Isangel,VU,2021-03-04 08:16:28,-19.55,169.2667,80.35,81,100,16.75
397,Berdigestyakh,RU,2021-03-04 08:16:29,62.0989,126.6992,-20.11,84,100,9.06
398,Tabou,CI,2021-03-04 08:16:30,4.423,-7.3528,80.15,88,82,8.21
399,Sivaki,RU,2021-03-04 08:12:17,52.6333,126.75,3.4,91,100,12.97
400,Okakarara,NA,2021-03-04 08:16:32,-20.5833,17.4333,73.18,49,0,5.37
401,Mount Gambier,AU,2021-03-04 08:16:32,-37.8333,140.7667,62.6,72,90,13.8
402,Tulun,RU,2021-03-04 08:16:33,54.5611,100.5792,6.57,93,100,5.97
403,Sao Filipe,CV,2021-03-04 08:16:35,14.8961,-24.4956,70.36,73,71,10.54
404,Port-Gentil,GA,2021-03-04 08:16:36,-0.7193,8.7815,84.2,89,40,6.91
405,Parana,AR,2021-03-04 08:16:36,-31.732,-60.5238,73.0,96,100,1.01
406,Prince Albert,CA,2021-03-04 08:16:11,53.2001,-105.7677,5.0,85,20,3.44
407,Pombas,CV,2021-03-04 08:16:37,17.1503,-25.0201,69.8,73,75,29.93
408,Mwingi,KE,2021-03-04 08:16:38,-0.9344,38.0601,77.61,61,80,6.76
409,Urumqi,CN,2021-03-04 08:16:39,43.801,87.6005,32.0,69,20,4.47
410,Cozumel,MX,2021-03-04 08:16:39,20.5083,-86.9458,71.6,100,40,3.89
411,Omboue,GA,2021-03-04 08:16:40,-1.5746,9.2618,82.94,82,100,6.64
412,Lagos,NG,2021-03-04 08:16:42,6.5833,3.75,80.6,89,75,8.05
413,San Javier,ES,2021-03-04 08:16:43,37.8063,-0.8374,57.99,76,42,3.44
414,Sakakah,SA,2021-03-04 08:16:44,29.9697,40.2064,62.6,29,0,17.27
415,Taseyevo,RU,2021-03-04 08:16:45,57.2169,94.8978,11.19,95,100,7.76
416,Sabang,ID,2021-03-04 08:16:46,5.8933,95.3214,83.23,77,8,18.88
417,Kampot,KH,2021-03-04 08:16:46,10.6167,104.1833,89.6,51,20,11.5
418,Hearst,CA,2021-03-04 08:16:48,49.6835,-83.6665,-18.4,83,55,5.75
419,Kurumkan,RU,2021-03-04 08:16:50,54.3,110.3,-3.17,78,24,1.21
420,Roald,NO,2021-03-04 08:16:51,62.5833,6.1333,33.8,93,75,19.57
421,Katangli,RU,2021-03-04 08:16:52,51.7102,143.2326,24.28,83,96,7.58
422,Inirida,CO,2021-03-04 08:16:53,3.8653,-67.9239,72.68,92,79,0.83
423,Mehamn,NO,2021-03-04 08:16:55,71.0357,27.8492,26.6,68,40,13.8
424,Silver City,US,2021-03-04 08:16:56,32.7701,-108.2803,53.6,28,1,12.66
425,Kernersville,US,2021-03-04 08:16:56,36.1199,-80.0736,46.4,42,1,8.05
426,Hobyo,SO,2021-03-04 08:16:56,5.3505,48.5268,83.52,62,8,22.41
427,Bantry,IE,2021-03-04 08:16:57,51.6833,-9.45,37.4,87,90,3.44
428,Maragogi,BR,2021-03-04 08:16:02,-9.0122,-35.2225,76.48,85,3,6.33
429,Poum,NC,2021-03-04 08:17:00,-20.2333,164.0167,80.4,79,98,14.79
430,Ongandjera,NA,2021-03-04 08:17:00,-17.8833,15.0667,77.27,43,0,10.31
431,San Andres,CO,2021-03-04 08:16:06,12.5847,-81.7006,78.8,73,20,6.91
432,Paamiut,GL,2021-03-04 08:17:02,61.994,-49.6678,43.02,60,100,15.23
433,Los Llanos De Aridane,ES,2021-03-04 08:17:03,28.6585,-17.9182,60.8,72,20,6.91
434,Mudu,CN,2021-03-04 08:13:21,31.252,120.5118,57.0,72,0,7.4
435,Khislavichi,RU,2021-03-04 08:17:04,54.1871,32.1582,30.09,93,100,11.63
436,Shache,CN,2021-03-04 08:17:04,38.4167,77.2406,57.52,31,30,3.74
437,Inongo,CD,2021-03-04 08:17:05,-1.95,18.2667,76.77,80,99,4.45
438,Manggar,ID,2021-03-04 08:17:05,-2.8833,108.2667,83.01,73,40,4.68
439,Goure,NE,2021-03-04 08:17:06,13.9835,10.2704,79.0,14,0,11.01
440,Boda,CF,2021-03-04 08:17:07,4.3189,17.4695,95.74,20,5,1.43
441,Ibotirama,BR,2021-03-04 08:17:08,-12.1853,-43.2206,66.87,81,75,2.37
442,Tigil,RU,2021-03-04 08:17:09,57.8,158.6667,1.0,89,77,23.2
443,Novyy Urengoy,RU,2021-03-04 08:17:10,66.0833,76.6333,10.4,91,100,13.09
444,Port-Cartier,CA,2021-03-04 08:14:51,50.0334,-66.8654,10.99,66,75,16.11
445,Havelock,US,2021-03-04 08:16:02,34.8791,-76.9013,43.0,93,1,6.08
446,Turayf,SA,2021-03-04 08:17:12,31.6725,38.6637,55.4,50,40,20.71
447,Huarmey,PE,2021-03-04 08:17:13,-10.0681,-78.1522,73.02,73,100,4.63
448,Evensk,RU,2021-03-04 08:12:20,61.95,159.2333,-11.83,79,100,12.21
449,Barranca,PE,2021-03-04 08:17:15,-10.75,-77.7667,71.26,76,97,2.91
450,La Ronge,CA,2021-03-04 08:17:15,55.1001,-105.2842,17.6,86,100,1.14
451,Beloha,MG,2021-03-04 08:17:15,-25.1667,45.05,86.68,54,0,6.8
452,Udagamandalam,IN,2021-03-04 08:17:16,11.4,76.7,87.8,25,0,5.75
453,Rafaela,AR,2021-03-04 08:17:17,-31.2503,-61.4867,70.0,64,100,4.0
454,Monrovia,LR,2021-03-04 08:17:18,6.3005,-10.7969,78.8,94,75,7.92
455,Bowen,AU,2021-03-04 08:17:19,-20.0167,148.2333,77.0,83,90,17.27
456,Olafsvik,IS,2021-03-04 08:17:19,64.8945,-23.7142,40.75,92,100,16.91
457,Calceta,EC,2021-03-04 08:17:20,-0.85,-80.1667,75.2,88,75,3.44
458,Axim,GH,2021-03-04 08:16:20,4.8699,-2.2405,81.79,84,99,9.8
459,Tamiahua,MX,2021-03-04 08:17:20,21.2667,-97.45,67.86,88,100,1.41
460,San Patricio,US,2021-03-04 08:17:21,28.017,-97.5169,54.0,87,1,5.75
461,Black River,JM,2021-03-04 08:17:21,18.0264,-77.8487,77.0,83,40,4.61
462,College,US,2021-03-04 08:13:43,64.8569,-147.8028,-2.99,77,90,1.68
463,Eyl,SO,2021-03-04 08:17:23,7.9803,49.8164,84.88,52,38,20.27
464,Tecoanapa,MX,2021-03-04 08:17:24,16.5167,-98.75,73.33,65,96,3.51
465,San Buenaventura,MX,2021-03-04 08:15:09,27.0833,-101.5333,58.98,53,96,1.43
466,Hidalgo,MX,2021-03-04 08:17:26,20.5,-99.0,53.71,82,0,0.2
467,Boshnyakovo,RU,2021-03-04 08:17:26,49.6333,142.1667,27.66,87,97,9.75
468,San Jose,US,2021-03-04 08:14:00,37.3394,-121.895,48.99,61,20,4.61
469,Sept-Iles,CA,2021-03-04 08:17:27,50.2001,-66.3821,10.99,72,100,16.11
470,Vanimo,PG,2021-03-04 08:17:28,-2.6741,141.3028,82.44,78,80,11.43
471,Najran,SA,2021-03-04 08:17:29,17.4924,44.1277,84.2,15,0,9.22
472,Loreto,MX,2021-03-04 08:17:30,22.2667,-101.9667,52.5,65,2,1.03
473,Preobrazheniye,RU,2021-03-04 08:17:31,42.9019,133.9064,37.09,88,48,9.78
474,Elk City,US,2021-03-04 08:17:32,35.412,-99.4043,46.4,66,1,9.22
475,Matara,LK,2021-03-04 08:17:33,5.9485,80.5353,86.41,53,0,11.97
476,Coihaique,CL,2021-03-04 08:17:34,-45.5752,-72.0662,53.53,94,95,0.54
477,Ouegoa,NC,2021-03-04 08:17:37,-20.35,164.4333,78.6,81,100,5.93
478,San Juan De Abajo,MX,2021-03-04 08:17:38,20.8167,-105.1833,69.01,90,0,2.51
479,Galle,LK,2021-03-04 08:17:39,6.0367,80.217,86.22,54,0,11.41
480,Hot Springs,US,2021-03-04 08:17:39,34.5037,-93.0552,46.0,87,1,3.44
481,Farah,AF,2021-03-04 08:17:41,32.5,62.5,71.73,20,0,4.21
482,Hamilton,US,2021-03-04 08:17:43,39.1834,-84.5333,41.0,70,1,6.91
483,Lebyazhye,RU,2021-03-04 08:17:44,55.2689,66.4947,28.89,95,100,9.78
484,Sisimiut,GL,2021-03-04 08:17:45,66.9395,-53.6735,24.44,89,100,13.2
485,Ankang,CN,2021-03-04 08:17:46,32.68,109.0172,68.04,34,2,1.92
486,Vao,NC,2021-03-04 08:17:46,-22.6667,167.4833,78.73,87,100,17.43
487,Saint-Joseph,RE,2021-03-04 08:17:48,-21.3667,55.6167,86.0,62,0,8.05
488,Sanmenxia,CN,2021-03-04 08:17:49,34.7747,111.1814,69.51,24,100,11.48
489,Oussouye,SN,2021-03-04 08:17:49,12.485,-16.5469,71.6,78,0,4.61
490,Qostanay,KZ,2021-03-04 08:17:50,53.1667,63.5833,26.6,93,75,17.9
491,Ucluelet,CA,2021-03-04 08:17:51,48.9329,-125.5528,44.01,82,100,1.01
492,Tadepallegudem,IN,2021-03-04 08:15:01,16.8333,81.5,91.4,38,0,9.22
493,Nelson,NZ,2021-03-04 08:17:51,-41.2833,173.2833,63.0,68,44,1.01
494,Andenes,NO,2021-03-04 08:17:52,69.3143,16.1194,30.2,74,75,20.71
495,Gizo,SB,2021-03-04 08:17:52,-8.103,156.8419,82.96,76,97,19.82
496,Surgut,RU,2021-03-04 08:13:01,61.25,73.4167,19.4,79,20,8.95
497,Inuvik,CA,2021-03-04 08:17:55,68.3499,-133.7218,-22.0,76,87,1.14
498,Patrocinio,BR,2021-03-04 08:17:56,-18.9439,-46.9925,61.0,100,100,1.74
499,Saryozek,KZ,2021-03-04 08:17:57,44.3583,77.9753,37.02,95,90,3.85
500,Grand Gaube,MU,2021-03-04 08:17:58,-20.0064,57.6608,84.99,58,11,7.0
501,Porto Novo,BJ,2021-03-04 08:17:59,6.4965,2.6036,84.2,84,40,10.36
502,Valparaiso,CL,2021-03-04 08:18:01,-33.0393,-71.6273,61.0,84,0,6.26
503,Newport,GB,2021-03-04 08:14:27,51.5877,-2.9984,41.0,93,89,10.98
504,Brokopondo,SR,2021-03-04 08:18:04,4.75,-55.1667,74.82,88,72,7.72
505,Miri,MY,2021-03-04 08:18:05,4.4148,114.0089,86.0,79,20,8.05
506,Hopewell,US,2021-03-04 08:18:06,37.3043,-77.2872,41.0,80,1,4.83
507,Lithakia,GR,2021-03-04 08:18:07,37.7167,20.8333,57.2,67,0,1.14
508,Alta Floresta,BR,2021-03-04 08:18:08,-9.8756,-56.0861,69.6,99,100,2.66
509,Goderich,CA,2021-03-04 08:18:09,43.7501,-81.7165,30.2,93,71,9.22
510,Robertsport,LR,2021-03-04 08:18:10,6.7533,-11.3686,80.08,89,99,8.21
511,Porto Seguro,BR,2021-03-04 08:18:11,-16.4497,-39.0647,69.8,94,40,3.44
512,Obera,AR,2021-03-04 08:18:12,-27.4871,-55.1199,68.65,98,97,3.78
513,Maceio,BR,2021-03-04 08:13:51,-9.6658,-35.7353,73.4,100,20,2.3
514,Emba,KZ,2021-03-04 08:18:14,48.8264,58.1442,23.9,95,90,18.77
515,Bereznik,RU,2021-03-04 08:18:14,62.8551,42.7072,15.1,87,97,6.71
516,Beaverlodge,CA,2021-03-04 08:18:15,55.2166,-119.4361,12.2,85,75,5.75
517,Leninsk,RU,2021-03-04 08:18:15,48.7119,45.1994,35.6,69,0,26.84
518,Timbiqui,CO,2021-03-04 08:18:16,2.7717,-77.6654,73.62,94,65,3.89
519,Gamba,GA,2021-03-04 08:18:17,-2.65,10.0,83.64,79,98,5.01
520,Khorramabad,IR,2021-03-04 08:18:17,33.4878,48.3558,60.8,33,20,4.61
521,Kahului,US,2021-03-04 08:16:40,20.8947,-156.47,68.0,83,40,12.66
522,Saint-Ambroise,CA,2021-03-04 08:18:18,48.5501,-71.3324,1.99,71,100,18.41
523,Karaidel,RU,2021-03-04 08:18:19,55.8337,56.9069,20.07,96,100,11.18
524,Champerico,GT,2021-03-04 08:18:20,14.3,-91.9167,63.0,89,18,3.87
525,Yerbogachen,RU,2021-03-04 08:18:21,61.2767,108.0108,-13.0,85,68,6.85
526,Yuzhnyy,RU,2021-03-04 08:18:22,53.2542,83.6936,24.8,58,75,22.37
527,Angoram,PG,2021-03-04 08:18:24,-4.0625,144.0661,80.33,91,32,3.98
528,Keokuk,US,2021-03-04 08:18:25,40.3973,-91.3849,37.4,87,1,5.75
529,Kieta,PG,2021-03-04 08:18:26,-6.2167,155.6333,80.11,81,100,10.6
530,Eureka,US,2021-03-04 08:18:08,40.8021,-124.1637,41.0,93,100,6.71
531,Lira,UG,2021-03-04 08:16:06,2.235,32.9097,91.45,29,4,5.79
532,Akyab,MM,2021-03-04 08:18:29,20.15,92.9,81.19,65,6,13.47
533,Dukat,RU,2021-03-04 08:18:30,62.55,155.55,-33.65,81,100,8.01
534,Reconquista,AR,2021-03-04 08:18:32,-29.15,-59.65,69.75,95,100,5.73
535,Deputatskiy,RU,2021-03-04 08:18:34,69.3,139.9,-22.49,88,100,6.69
536,Neuquen,AR,2021-03-04 08:18:36,-38.9516,-68.0591,69.8,78,0,4.61
537,Severodvinsk,RU,2021-03-04 08:18:36,64.5635,39.8302,14.0,85,75,2.24
538,Zhigansk,RU,2021-03-04 08:17:53,66.7697,123.3711,-29.11,83,98,3.62
539,Surt,LY,2021-03-04 08:18:37,31.2089,16.5887,58.41,61,0,15.59
540,Nuevitas,CU,2021-03-04 08:14:02,21.5453,-77.2644,68.0,100,1,4.61
541,Cidreira,BR,2021-03-04 08:18:38,-30.1811,-50.2056,73.45,90,99,3.42
542,Cooma,AU,2021-03-04 08:18:38,-36.2333,149.1333,66.2,42,98,14.97
543,Buraydah,SA,2021-03-04 08:18:39,26.326,43.975,78.8,53,0,13.8
544,Papar,MY,2021-03-04 08:18:39,5.7333,115.9333,86.0,74,20,3.44
545,Hirara,JP,2021-03-04 08:18:40,24.8,125.2833,73.4,73,20,12.66
546,Chernushka,RU,2021-03-04 08:18:41,56.5072,56.0766,20.57,93,100,12.93
547,Sibolga,ID,2021-03-04 08:18:43,1.7427,98.7792,87.8,57,39,4.36
548,Hervey Bay,AU,2021-03-04 08:18:45,-25.2986,152.8535,77.0,62,1,8.99
549,Faanui,PF,2021-03-04 08:18:46,-16.4833,-151.75,83.05,75,100,15.93
550,Palmerston,AU,2021-03-04 08:18:46,-12.486,130.9833,87.01,70,75,11.5
551,Sao Miguel,BR,2021-03-04 08:18:47,-5.4667,-35.3667,75.2,94,40,4.61
552,Punta Cardon,VE,2021-03-04 08:18:48,11.6581,-70.215,75.25,78,49,19.3
553,Norsup,VU,2021-03-04 08:18:48,-16.0667,167.3833,78.49,93,100,17.87
554,Warora,IN,2021-03-04 08:18:50,20.2333,79.0,100.0,8,1,1.54
555,Hilton Head Island,US,2021-03-04 08:15:49,32.2163,-80.7526,50.0,93,1,4.61
556,Napanee,CA,2021-03-04 08:18:51,44.2501,-76.9494,27.0,77,53,5.01
557,Mwense,ZM,2021-03-04 08:18:52,-10.3845,28.698,68.65,92,100,1.74
558,Wagar,SD,2021-03-04 08:18:53,16.1525,36.2032,81.73,44,0,9.89
559,Itinga,BR,2021-03-04 08:18:53,-16.6131,-41.7653,66.2,89,42,1.23
560,Sorong,ID,2021-03-04 08:17:02,-0.8833,131.25,83.53,75,100,8.9
561,Ouffet,BE,2021-03-04 08:18:55,50.4387,5.4657,46.4,93,20,4.61
562,Port Macquarie,AU,2021-03-04 08:14:41,-31.4333,152.9167,71.01,68,2,8.43
563,Talcahuano,CL,2021-03-04 08:18:56,-36.7167,-73.1167,57.2,94,0,8.05
564,Bayangol,RU,2021-03-04 08:18:57,50.6977,103.4656,17.55,85,65,2.13
565,Marica,BR,2021-03-04 08:18:57,-22.9194,-42.8186,81.0,94,0,3.44
566,Qui Nhon,VN,2021-03-04 08:14:53,13.7667,109.2333,79.11,77,4,7.72
567,Vestmannaeyjar,IS,2021-03-04 08:18:58,63.4427,-20.2734,39.2,87,90,13.8
568,Vuktyl,RU,2021-03-04 08:19:00,63.8567,57.3094,16.09,96,100,4.0
569,Atambua,ID,2021-03-04 08:19:00,-9.1061,124.8925,80.22,82,80,4.7
570,Kloulklubed,PW,2021-03-04 08:19:02,7.0419,134.2556,84.2,70,75,11.5
571,Magistralnyy,RU,2021-03-04 08:19:03,56.1725,107.4458,-6.14,84,98,3.29
572,Elko,US,2021-03-04 08:15:04,41.0002,-115.5012,35.01,55,1,4.61
573,Danilovka,RU,2021-03-04 08:19:04,50.3557,44.1168,32.67,93,100,19.39
